album_group,album_type,artists,available_markets,external_urls,href,id,images,name,release_date,release_date_precision,total_tracks,type,uri
album,album,"[{'external_urls': {'spotify': 'https://open.spotify.com/artist/06HL4z0CvFAxyc27GXpf02'}, 'href': 'https://api.spotify.com/v1/artists/06HL4z0CvFAxyc27GXpf02', 'id': '06HL4z0CvFAxyc27GXpf02', 'name': 'Taylor Swift', 'type': 'artist', 'uri': 'spotify:artist:06HL4z0CvFAxyc27GXpf02'}]","['AR', 'AU', 'AT', 'BE', 'BO', 'BR', 'BG', 'CA', 'CL', 'CO', 'CR', 'CY', 'CZ', 'DK', 'DO', 'DE', 'EC', 'EE', 'SV', 'FI', 'FR', 'GR', 'GT', 'HN', 'HK', 'HU', 'IS', 'IE', 'IT', 'LV', 'LT', 'LU', 'MY', 'MT', 'MX', 'NL', 'NZ', 'NI', 'NO', 'PA', 'PY', 'PE', 'PH', 'PL', 'PT', 'SG', 'SK', 'ES', 'SE', 'CH', 'TW', 'TR', 'UY', 'US', 'GB', 'AD', 'LI', 'MC', 'ID', 'JP', 'TH', 'VN', 'RO', 'IL', 'ZA', 'SA', 'AE', 'BH', 'QA', 'OM', 'KW', 'EG', 'MA', 'DZ', 'TN', 'LB', 'JO', 'PS', 'IN', 'KZ', 'MD', 'UA', 'AL', 'BA', 'HR', 'ME', 'MK', 'RS', 'SI', 'KR', 'BD', 'PK', 'LK', 'GH', 'KE', 'NG', 'TZ', 'UG', 'AG', 'AM', 'BS', 'BB', 'BZ', 'BT', 'BW', 'BF', 'CV', 'CW', 'DM', 'FJ', 'GM', 'GE', 'GD', 'GW', 'GY', 'HT', 'JM', 'KI', 'LS', 'LR', 'MW', 'MV', 'ML', 'MH', 'FM', 'NA', 'NR', 'NE', 'PW', 'PG', 'WS', 'SM', 'ST', 'SN', 'SC', 'SL', 'SB', 'KN', 'LC', 'VC', 'SR', 'TL', 'TO', 'TT', 'TV', 'VU', 'AZ', 'BN', 'BI', 'KH', 'CM', 'TD', 'KM', 'GQ', 'SZ', 'GA', 'GN', 'KG', 'LA', 'MO', 'MR', 'MN', 'NP', 'RW', 'TG', 'UZ', 'ZW', 'BJ', 'MG', 'MU', 'MZ', 'AO', 'CI', 'DJ', 'ZM', 'CD', 'CG', 'IQ', 'LY', 'TJ', 'VE', 'ET', 'XK']",{'spotify': 'https://open.spotify.com/album/1o59UpKw81iHR0HPiSkJR0'},https://api.spotify.com/v1/albums/1o59UpKw81iHR0HPiSkJR0,1o59UpKw81iHR0HPiSkJR0,"[{'height': 640, 'url': 'https://i.scdn.co/image/ab67616d0000b273dc2bacae1dca83d26e2b1949', 'width': 640}, {'height': 300, 'url': 'https://i.scdn.co/image/ab67616d00001e02dc2bacae1dca83d26e2b1949', 'width': 300}, {'height': 64, 'url': 'https://i.scdn.co/image/ab67616d00004851dc2bacae1dca83d26e2b1949', 'width': 64}]",1989 (Taylor's Version) [Deluxe],2023-10-27,day,22,album,spotify:album:1o59UpKw81iHR0HPiSkJR0
album,album,"[{'external_urls': {'spotify': 'https://open.spotify.com/artist/06HL4z0CvFAxyc27GXpf02'}, 'href': 'https://api.spotify.com/v1/artists/06HL4z0CvFAxyc27GXpf02', 'id': '06HL4z0CvFAxyc27GXpf02', 'name': 'Taylor Swift', 'type': 'artist', 'uri': 'spotify:artist:06HL4z0CvFAxyc27GXpf02'}]","['AR', 'AU', 'AT', 'BE', 'BO', 'BR', 'BG', 'CA', 'CL', 'CO', 'CR', 'CY', 'CZ', 'DK', 'DO', 'DE', 'EC', 'EE', 'SV', 'FI', 'FR', 'GR', 'GT', 'HN', 'HK', 'HU', 'IS', 'IE', 'IT', 'LV', 'LT', 'LU', 'MY', 'MT', 'MX', 'NL', 'NZ', 'NI', 'NO', 'PA', 'PY', 'PE', 'PH', 'PL', 'PT', 'SG', 'SK', 'ES', 'SE', 'CH', 'TW', 'TR', 'UY', 'US', 'GB', 'AD', 'LI', 'MC', 'ID', 'JP', 'TH', 'VN', 'RO', 'IL', 'ZA', 'SA', 'AE', 'BH', 'QA', 'OM', 'KW', 'EG', 'MA', 'DZ', 'TN', 'LB', 'JO', 'PS', 'IN', 'KZ', 'MD', 'UA', 'AL', 'BA', 'HR', 'ME', 'MK', 'RS', 'SI', 'KR', 'BD', 'PK', 'LK', 'GH', 'KE', 'NG', 'TZ', 'UG', 'AG', 'AM', 'BS', 'BB', 'BZ', 'BT', 'BW', 'BF', 'CV', 'CW', 'DM', 'FJ', 'GM', 'GE', 'GD', 'GW', 'GY', 'HT', 'JM', 'KI', 'LS', 'LR', 'MW', 'MV', 'ML', 'MH', 'FM', 'NA', 'NR', 'NE', 'PW', 'PG', 'WS', 'SM', 'ST', 'SN', 'SC', 'SL', 'SB', 'KN', 'LC', 'VC', 'SR', 'TL', 'TO', 'TT', 'TV', 'VU', 'AZ', 'BN', 'BI', 'KH', 'CM', 'TD', 'KM', 'GQ', 'SZ', 'GA', 'GN', 'KG', 'LA', 'MO', 'MR', 'MN', 'NP', 'RW', 'TG', 'UZ', 'ZW', 'BJ', 'MG', 'MU', 'MZ', 'AO', 'CI', 'DJ', 'ZM', 'CD', 'CG', 'IQ', 'LY', 'TJ', 'VE', 'ET', 'XK']",{'spotify': 'https://open.spotify.com/album/64LU4c1nfjz1t4VnGhagcg'},https://api.spotify.com/v1/albums/64LU4c1nfjz1t4VnGhagcg,64LU4c1nfjz1t4VnGhagcg,"[{'height': 640, 'url': 'https://i.scdn.co/image/ab67616d0000b273904445d70d04eb24d6bb79ac', 'width': 640}, {'height': 300, 'url': 'https://i.scdn.co/image/ab67616d00001e02904445d70d04eb24d6bb79ac', 'width': 300}, {'height': 64, 'url': 'https://i.scdn.co/image/ab67616d00004851904445d70d04eb24d6bb79ac', 'width': 64}]",1989 (Taylor's Version),2023-10-26,day,21,album,spotify:album:64LU4c1nfjz1t4VnGhagcg
album,album,"[{'external_urls': {'spotify': 'https://open.spotify.com/artist/06HL4z0CvFAxyc27GXpf02'}, 'href': 'https://api.spotify.com/v1/artists/06HL4z0CvFAxyc27GXpf02', 'id': '06HL4z0CvFAxyc27GXpf02', 'name': 'Taylor Swift', 'type': 'artist', 'uri': 'spotify:artist:06HL4z0CvFAxyc27GXpf02'}]","['AR', 'AU', 'AT', 'BE', 'BO', 'BR', 'BG', 'CA', 'CL', 'CO', 'CR', 'CY', 'CZ', 'DK', 'DO', 'DE', 'EC', 'EE', 'SV', 'FI', 'FR', 'GR', 'GT', 'HN', 'HK', 'HU', 'IS', 'IE', 'IT', 'LV', 'LT', 'LU', 'MY', 'MT', 'MX', 'NL', 'NZ', 'NI', 'NO', 'PA', 'PY', 'PE', 'PH', 'PL', 'PT', 'SG', 'SK', 'ES', 'SE', 'CH', 'TW', 'TR', 'UY', 'US', 'GB', 'AD', 'LI', 'MC', 'ID', 'JP', 'TH', 'VN', 'RO', 'IL', 'ZA', 'SA', 'AE', 'BH', 'QA', 'OM', 'KW', 'EG', 'MA', 'DZ', 'TN', 'LB', 'JO', 'PS', 'IN', 'KZ', 'MD', 'UA', 'AL', 'BA', 'HR', 'ME', 'MK', 'RS', 'SI', 'KR', 'BD', 'PK', 'LK', 'GH', 'KE', 'NG', 'TZ', 'UG', 'AG', 'AM', 'BS', 'BB', 'BZ', 'BT', 'BW', 'BF', 'CV', 'CW', 'DM', 'FJ', 'GM', 'GE', 'GD', 'GW', 'GY', 'HT', 'JM', 'KI', 'LS', 'LR', 'MW', 'MV', 'ML', 'MH', 'FM', 'NA', 'NR', 'NE', 'PW', 'PG', 'WS', 'SM', 'ST', 'SN', 'SC', 'SL', 'SB', 'KN', 'LC', 'VC', 'SR', 'TL', 'TO', 'TT', 'TV', 'VU', 'AZ', 'BN', 'BI', 'KH', 'CM', 'TD', 'KM', 'GQ', 'SZ', 'GA', 'GN', 'KG', 'LA', 'MO', 'MR', 'MN', 'NP', 'RW', 'TG', 'UZ', 'ZW', 'BJ', 'MG', 'MU', 'MZ', 'AO', 'CI', 'DJ', 'ZM', 'CD', 'CG', 'IQ', 'LY', 'TJ', 'VE', 'ET', 'XK']",{'spotify': 'https://open.spotify.com/album/5AEDGbliTTfjOB8TSm1sxt'},https://api.spotify.com/v1/albums/5AEDGbliTTfjOB8TSm1sxt,5AEDGbliTTfjOB8TSm1sxt,"[{'height': 640, 'url': 'https://i.scdn.co/image/ab67616d0000b2730b04da4f224b51ff86e0a481', 'width': 640}, {'height': 300, 'url': 'https://i.scdn.co/image/ab67616d00001e020b04da4f224b51ff86e0a481', 'width': 300}, {'height': 64, 'url': 'https://i.scdn.co/image/ab67616d000048510b04da4f224b51ff86e0a481', 'width': 64}]",Speak Now (Taylor's Version),2023-07-07,day,22,album,spotify:album:5AEDGbliTTfjOB8TSm1sxt
album,album,"[{'external_urls': {'spotify': 'https://open.spotify.com/artist/06HL4z0CvFAxyc27GXpf02'}, 'href': 'https://api.spotify.com/v1/artists/06HL4z0CvFAxyc27GXpf02', 'id': '06HL4z0CvFAxyc27GXpf02', 'name': 'Taylor Swift', 'type': 'artist', 'uri': 'spotify:artist:06HL4z0CvFAxyc27GXpf02'}]","['AR', 'AU', 'AT', 'BE', 'BO', 'BR', 'BG', 'CA', 'CL', 'CO', 'CR', 'CY', 'CZ', 'DK', 'DO', 'DE', 'EC', 'EE', 'SV', 'FI', 'FR', 'GR', 'GT', 'HN', 'HK', 'HU', 'IS', 'IE', 'IT', 'LV', 'LT', 'LU', 'MY', 'MT', 'MX', 'NL', 'NZ', 'NI', 'NO', 'PA', 'PY', 'PE', 'PH', 'PL', 'PT', 'SG', 'SK', 'ES', 'SE', 'CH', 'TW', 'TR', 'UY', 'US', 'GB', 'AD', 'LI', 'MC', 'ID', 'JP', 'TH', 'VN', 'RO', 'IL', 'ZA', 'SA', 'AE', 'BH', 'QA', 'OM', 'KW', 'EG', 'MA', 'DZ', 'TN', 'LB', 'JO', 'PS', 'IN', 'KZ', 'MD', 'UA', 'AL', 'BA', 'HR', 'ME', 'MK', 'RS', 'SI', 'KR', 'BD', 'PK', 'LK', 'GH', 'KE', 'NG', 'TZ', 'UG', 'AG', 'AM', 'BS', 'BB', 'BZ', 'BT', 'BW', 'BF', 'CV', 'CW', 'DM', 'FJ', 'GM', 'GE', 'GD', 'GW', 'GY', 'HT', 'JM', 'KI', 'LS', 'LR', 'MW', 'MV', 'ML', 'MH', 'FM', 'NA', 'NR', 'NE', 'PW', 'PG', 'WS', 'SM', 'ST', 'SN', 'SC', 'SL', 'SB', 'KN', 'LC', 'VC', 'SR', 'TL', 'TO', 'TT', 'TV', 'VU', 'AZ', 'BN', 'BI', 'KH', 'CM', 'TD', 'KM', 'GQ', 'SZ', 'GA', 'GN', 'KG', 'LA', 'MO', 'MR', 'MN', 'NP', 'RW', 'TG', 'UZ', 'ZW', 'BJ', 'MG', 'MU', 'MZ', 'AO', 'CI', 'DJ', 'ZM', 'CD', 'CG', 'IQ', 'LY', 'TJ', 'VE', 'ET', 'XK']",{'spotify': 'https://open.spotify.com/album/1fnJ7k0bllNfL1kVdNVW1A'},https://api.spotify.com/v1/albums/1fnJ7k0bllNfL1kVdNVW1A,1fnJ7k0bllNfL1kVdNVW1A,"[{'height': 640, 'url': 'https://i.scdn.co/image/ab67616d0000b273fa747621a53c8e2cc436dee0', 'width': 640}, {'height': 300, 'url': 'https://i.scdn.co/image/ab67616d00001e02fa747621a53c8e2cc436dee0', 'width': 300}, {'height': 64, 'url': 'https://i.scdn.co/image/ab67616d00004851fa747621a53c8e2cc436dee0', 'width': 64}]",Midnights (The Til Dawn Edition),2023-05-26,day,23,album,spotify:album:1fnJ7k0bllNfL1kVdNVW1A
album,album,"[{'external_urls': {'spotify': 'https://open.spotify.com/artist/06HL4z0CvFAxyc27GXpf02'}, 'href': 'https://api.spotify.com/v1/artists/06HL4z0CvFAxyc27GXpf02', 'id': '06HL4z0CvFAxyc27GXpf02', 'name': 'Taylor Swift', 'type': 'artist', 'uri': 'spotify:artist:06HL4z0CvFAxyc27GXpf02'}]","['AR', 'AU', 'AT', 'BE', 'BO', 'BR', 'BG', 'CA', 'CL', 'CO', 'CR', 'CY', 'CZ', 'DK', 'DO', 'DE', 'EC', 'EE', 'SV', 'FI', 'FR', 'GR', 'GT', 'HN', 'HK', 'HU', 'IS', 'IE', 'IT', 'LV', 'LT', 'LU', 'MY', 'MT', 'MX', 'NL', 'NZ', 'NI', 'NO', 'PA', 'PY', 'PE', 'PH', 'PL', 'PT', 'SG', 'SK', 'ES', 'SE', 'CH', 'TW', 'TR', 'UY', 'US', 'GB', 'AD', 'LI', 'MC', 'ID', 'JP', 'TH', 'VN', 'RO', 'IL', 'ZA', 'SA', 'AE', 'BH', 'QA', 'OM', 'KW', 'EG', 'MA', 'DZ', 'TN', 'LB', 'JO', 'PS', 'IN', 'KZ', 'MD', 'UA', 'AL', 'BA', 'HR', 'ME', 'MK', 'RS', 'SI', 'KR', 'BD', 'PK', 'LK', 'GH', 'KE', 'NG', 'TZ', 'UG', 'AG', 'AM', 'BS', 'BB', 'BZ', 'BT', 'BW', 'BF', 'CV', 'CW', 'DM', 'FJ', 'GM', 'GE', 'GD', 'GW', 'GY', 'HT', 'JM', 'KI', 'LS', 'LR', 'MW', 'MV', 'ML', 'MH', 'FM', 'NA', 'NR', 'NE', 'PW', 'PG', 'WS', 'SM', 'ST', 'SN', 'SC', 'SL', 'SB', 'KN', 'LC', 'VC', 'SR', 'TL', 'TO', 'TT', 'TV', 'VU', 'AZ', 'BN', 'BI', 'KH', 'CM', 'TD', 'KM', 'GQ', 'SZ', 'GA', 'GN', 'KG', 'LA', 'MO', 'MR', 'MN', 'NP', 'RW', 'TG', 'UZ', 'ZW', 'BJ', 'MG', 'MU', 'MZ', 'AO', 'CI', 'DJ', 'ZM', 'CD', 'CG', 'IQ', 'LY', 'TJ', 'VE', 'ET', 'XK']",{'spotify': 'https://open.spotify.com/album/3lS1y25WAhcqJDATJK70Mq'},https://api.spotify.com/v1/albums/3lS1y25WAhcqJDATJK70Mq,3lS1y25WAhcqJDATJK70Mq,"[{'height': 640, 'url': 'https://i.scdn.co/image/ab67616d0000b273e0b60c608586d88252b8fbc0', 'width': 640}, {'height': 300, 'url': 'https://i.scdn.co/image/ab67616d00001e02e0b60c608586d88252b8fbc0', 'width': 300}, {'height': 64, 'url': 'https://i.scdn.co/image/ab67616d00004851e0b60c608586d88252b8fbc0', 'width': 64}]",Midnights (3am Edition),2022-10-22,day,20,album,spotify:album:3lS1y25WAhcqJDATJK70Mq
album,album,"[{'external_urls': {'spotify': 'https://open.spotify.com/artist/06HL4z0CvFAxyc27GXpf02'}, 'href': 'https://api.spotify.com/v1/artists/06HL4z0CvFAxyc27GXpf02', 'id': '06HL4z0CvFAxyc27GXpf02', 'name': 'Taylor Swift', 'type': 'artist', 'uri': 'spotify:artist:06HL4z0CvFAxyc27GXpf02'}]","['AR', 'AU', 'AT', 'BE', 'BO', 'BR', 'BG', 'CA', 'CL', 'CO', 'CR', 'CY', 'CZ', 'DK', 'DO', 'DE', 'EC', 'EE', 'SV', 'FI', 'FR', 'GR', 'GT', 'HN', 'HK', 'HU', 'IS', 'IE', 'IT', 'LV', 'LT', 'LU', 'MY', 'MT', 'MX', 'NL', 'NZ', 'NI', 'NO', 'PA', 'PY', 'PE', 'PH', 'PL', 'PT', 'SG', 'SK', 'ES', 'SE', 'CH', 'TW', 'TR', 'UY', 'US', 'GB', 'AD', 'LI', 'MC', 'ID', 'JP', 'TH', 'VN', 'RO', 'IL', 'ZA', 'SA', 'AE', 'BH', 'QA', 'OM', 'KW', 'EG', 'MA', 'DZ', 'TN', 'LB', 'JO', 'PS', 'IN', 'KZ', 'MD', 'UA', 'AL', 'BA', 'HR', 'ME', 'MK', 'RS', 'SI', 'KR', 'BD', 'PK', 'LK', 'GH', 'KE', 'NG', 'TZ', 'UG', 'AG', 'AM', 'BS', 'BB', 'BZ', 'BT', 'BW', 'BF', 'CV', 'CW', 'DM', 'FJ', 'GM', 'GE', 'GD', 'GW', 'GY', 'HT', 'JM', 'KI', 'LS', 'LR', 'MW', 'MV', 'ML', 'MH', 'FM', 'NA', 'NR', 'NE', 'PW', 'PG', 'WS', 'SM', 'ST', 'SN', 'SC', 'SL', 'SB', 'KN', 'LC', 'VC', 'SR', 'TL', 'TO', 'TT', 'TV', 'VU', 'AZ', 'BN', 'BI', 'KH', 'CM', 'TD', 'KM', 'GQ', 'SZ', 'GA', 'GN', 'KG', 'LA', 'MO', 'MR', 'MN', 'NP', 'RW', 'TG', 'UZ', 'ZW', 'BJ', 'MG', 'MU', 'MZ', 'AO', 'CI', 'DJ', 'ZM', 'CD', 'CG', 'IQ', 'LY', 'TJ', 'VE', 'ET', 'XK']",{'spotify': 'https://open.spotify.com/album/151w1FgRZfnKZA9FEcg9Z3'},https://api.spotify.com/v1/albums/151w1FgRZfnKZA9FEcg9Z3,151w1FgRZfnKZA9FEcg9Z3,"[{'height': 640, 'url': 'https://i.scdn.co/image/ab67616d0000b273bb54dde68cd23e2a268ae0f5', 'width': 640}, {'height': 300, 'url': 'https://i.scdn.co/image/ab67616d00001e02bb54dde68cd23e2a268ae0f5', 'width': 300}, {'height': 64, 'url': 'https://i.scdn.co/image/ab67616d00004851bb54dde68cd23e2a268ae0f5', 'width': 64}]",Midnights,2022-10-21,day,13,album,spotify:album:151w1FgRZfnKZA9FEcg9Z3
album,album,"[{'external_urls': {'spotify': 'https://open.spotify.com/artist/06HL4z0CvFAxyc27GXpf02'}, 'href': 'https://api.spotify.com/v1/artists/06HL4z0CvFAxyc27GXpf02', 'id': '06HL4z0CvFAxyc27GXpf02', 'name': 'Taylor Swift', 'type': 'artist', 'uri': 'spotify:artist:06HL4z0CvFAxyc27GXpf02'}]","['AR', 'AU', 'AT', 'BE', 'BO', 'BR', 'BG', 'CA', 'CL', 'CO', 'CR', 'CY', 'CZ', 'DK', 'DO', 'DE', 'EC', 'EE', 'SV', 'FI', 'FR', 'GR', 'GT', 'HN', 'HK', 'HU', 'IS', 'IE', 'IT', 'LV', 'LT', 'LU', 'MY', 'MT', 'MX', 'NL', 'NZ', 'NI', 'NO', 'PA', 'PY', 'PE', 'PH', 'PL', 'PT', 'SG', 'SK', 'ES', 'SE', 'CH', 'TW', 'TR', 'UY', 'US', 'GB', 'AD', 'LI', 'MC', 'ID', 'JP', 'TH', 'VN', 'RO', 'IL', 'ZA', 'SA', 'AE', 'BH', 'QA', 'OM', 'KW', 'EG', 'MA', 'DZ', 'TN', 'LB', 'JO', 'PS', 'IN', 'BY', 'KZ', 'MD', 'UA', 'AL', 'BA', 'HR', 'ME', 'MK', 'RS', 'SI', 'KR', 'BD', 'PK', 'LK', 'GH', 'KE', 'NG', 'TZ', 'UG', 'AG', 'AM', 'BS', 'BB', 'BZ', 'BT', 'BW', 'BF', 'CV', 'CW', 'DM', 'FJ', 'GM', 'GE', 'GD', 'GW', 'GY', 'HT', 'JM', 'KI', 'LS', 'LR', 'MW', 'MV', 'ML', 'MH', 'FM', 'NA', 'NR', 'NE', 'PW', 'PG', 'WS', 'SM', 'ST', 'SN', 'SC', 'SL', 'SB', 'KN', 'LC', 'VC', 'SR', 'TL', 'TO', 'TT', 'TV', 'VU', 'AZ', 'BN', 'BI', 'KH', 'CM', 'TD', 'KM', 'GQ', 'SZ', 'GA', 'GN', 'KG', 'LA', 'MO', 'MR', 'MN', 'NP', 'RW', 'TG', 'UZ', 'ZW', 'BJ', 'MG', 'MU', 'MZ', 'AO', 'CI', 'DJ', 'ZM', 'CD', 'CG', 'IQ', 'LY', 'TJ', 'VE', 'ET', 'XK']",{'spotify': 'https://open.spotify.com/album/6kZ42qRrzov54LcAk4onW9'},https://api.spotify.com/v1/albums/6kZ42qRrzov54LcAk4onW9,6kZ42qRrzov54LcAk4onW9,"[{'height': 640, 'url': 'https://i.scdn.co/image/ab67616d0000b273318443aab3531a0558e79a4d', 'width': 640}, {'height': 300, 'url': 'https://i.scdn.co/image/ab67616d00001e02318443aab3531a0558e79a4d', 'width': 300}, {'height': 64, 'url': 'https://i.scdn.co/image/ab67616d00004851318443aab3531a0558e79a4d', 'width': 64}]",Red (Taylor's Version),2021-11-12,day,30,album,spotify:album:6kZ42qRrzov54LcAk4onW9
album,album,"[{'external_urls': {'spotify': 'https://open.spotify.com/artist/06HL4z0CvFAxyc27GXpf02'}, 'href': 'https://api.spotify.com/v1/artists/06HL4z0CvFAxyc27GXpf02', 'id': '06HL4z0CvFAxyc27GXpf02', 'name': 'Taylor Swift', 'type': 'artist', 'uri': 'spotify:artist:06HL4z0CvFAxyc27GXpf02'}]","['AR', 'AU', 'AT', 'BE', 'BO', 'BR', 'BG', 'CA', 'CL', 'CO', 'CR', 'CY', 'CZ', 'DK', 'DO', 'DE', 'EC', 'EE', 'SV', 'FI', 'FR', 'GR', 'GT', 'HN', 'HK', 'HU', 'IS', 'IE', 'IT', 'LV', 'LT', 'LU', 'MY', 'MT', 'MX', 'NL', 'NZ', 'NI', 'NO', 'PA', 'PY', 'PE', 'PH', 'PL', 'PT', 'SG', 'SK', 'ES', 'SE', 'CH', 'TW', 'TR', 'UY', 'US', 'GB', 'AD', 'LI', 'MC', 'ID', 'JP', 'TH', 'VN', 'RO', 'IL', 'ZA', 'SA', 'AE', 'BH', 'QA', 'OM', 'KW', 'EG', 'MA', 'DZ', 'TN', 'LB', 'JO', 'PS', 'IN', 'BY', 'KZ', 'MD', 'UA', 'AL', 'BA', 'HR', 'ME', 'MK', 'RS', 'SI', 'KR', 'BD', 'PK', 'LK', 'GH', 'KE', 'NG', 'TZ', 'UG', 'AG', 'AM', 'BS', 'BB', 'BZ', 'BT', 'BW', 'BF', 'CV', 'CW', 'DM', 'FJ', 'GM', 'GE', 'GD', 'GW', 'GY', 'HT', 'JM', 'KI', 'LS', 'LR', 'MW', 'MV', 'ML', 'MH', 'FM', 'NA', 'NR', 'NE', 'PW', 'PG', 'WS', 'SM', 'ST', 'SN', 'SC', 'SL', 'SB', 'KN', 'LC', 'VC', 'SR', 'TL', 'TO', 'TT', 'TV', 'VU', 'AZ', 'BN', 'BI', 'KH', 'CM', 'TD', 'KM', 'GQ', 'SZ', 'GA', 'GN', 'KG', 'LA', 'MO', 'MR', 'MN', 'NP', 'RW', 'TG', 'UZ', 'ZW', 'BJ', 'MG', 'MU', 'MZ', 'AO', 'CI', 'DJ', 'ZM', 'CD', 'CG', 'IQ', 'LY', 'TJ', 'VE', 'ET', 'XK']",{'spotify': 'https://open.spotify.com/album/4hDok0OAJd57SGIT8xuWJH'},https://api.spotify.com/v1/albums/4hDok0OAJd57SGIT8xuWJH,4hDok0OAJd57SGIT8xuWJH,"[{'height': 640, 'url': 'https://i.scdn.co/image/ab67616d0000b273a48964b5d9a3d6968ae3e0de', 'width': 640}, {'height': 300, 'url': 'https://i.scdn.co/image/ab67616d00001e02a48964b5d9a3d6968ae3e0de', 'width': 300}, {'height': 64, 'url': 'https://i.scdn.co/image/ab67616d00004851a48964b5d9a3d6968ae3e0de', 'width': 64}]",Fearless (Taylor's Version),2021-04-09,day,26,album,spotify:album:4hDok0OAJd57SGIT8xuWJH
album,album,"[{'external_urls': {'spotify': 'https://open.spotify.com/artist/06HL4z0CvFAxyc27GXpf02'}, 'href': 'https://api.spotify.com/v1/artists/06HL4z0CvFAxyc27GXpf02', 'id': '06HL4z0CvFAxyc27GXpf02', 'name': 'Taylor Swift', 'type': 'artist', 'uri': 'spotify:artist:06HL4z0CvFAxyc27GXpf02'}]","['AR', 'AU', 'AT', 'BE', 'BO', 'BR', 'BG', 'CA', 'CL', 'CO', 'CR', 'CY', 'CZ', 'DK', 'DO', 'DE', 'EC', 'EE', 'SV', 'FI', 'FR', 'GR', 'GT', 'HN', 'HK', 'HU', 'IS', 'IE', 'IT', 'LV', 'LT', 'LU', 'MY', 'MT', 'MX', 'NL', 'NZ', 'NI', 'NO', 'PA', 'PY', 'PE', 'PH', 'PL', 'PT', 'SG', 'SK', 'ES', 'SE', 'CH', 'TW', 'TR', 'UY', 'US', 'GB', 'AD', 'LI', 'MC', 'ID', 'JP', 'TH', 'VN', 'RO', 'IL', 'ZA', 'SA', 'AE', 'BH', 'QA', 'OM', 'KW', 'EG', 'MA', 'DZ', 'TN', 'LB', 'JO', 'PS', 'IN', 'BY', 'KZ', 'MD', 'UA', 'AL', 'BA', 'HR', 'ME', 'MK', 'RS', 'SI', 'KR', 'BD', 'PK', 'LK', 'GH', 'KE', 'NG', 'TZ', 'UG', 'AG', 'AM', 'BS', 'BB', 'BZ', 'BT', 'BW', 'BF', 'CV', 'CW', 'DM', 'FJ', 'GM', 'GE', 'GD', 'GW', 'GY', 'HT', 'JM', 'KI', 'LS', 'LR', 'MW', 'MV', 'ML', 'MH', 'FM', 'NA', 'NR', 'NE', 'PW', 'PG', 'WS', 'SM', 'ST', 'SN', 'SC', 'SL', 'SB', 'KN', 'LC', 'VC', 'SR', 'TL', 'TO', 'TT', 'TV', 'VU', 'AZ', 'BN', 'BI', 'KH', 'CM', 'TD', 'KM', 'GQ', 'SZ', 'GA', 'GN', 'KG', 'LA', 'MO', 'MR', 'MN', 'NP', 'RW', 'TG', 'UZ', 'ZW', 'BJ', 'MG', 'MU', 'MZ', 'AO', 'CI', 'DJ', 'ZM', 'CD', 'CG', 'IQ', 'LY', 'TJ', 'VE', 'ET', 'XK']",{'spotify': 'https://open.spotify.com/album/6AORtDjduMM3bupSWzbTSG'},https://api.spotify.com/v1/albums/6AORtDjduMM3bupSWzbTSG,6AORtDjduMM3bupSWzbTSG,"[{'height': 640, 'url': 'https://i.scdn.co/image/ab67616d0000b27390fd9741e1838115cd90b3b6', 'width': 640}, {'height': 300, 'url': 'https://i.scdn.co/image/ab67616d00001e0290fd9741e1838115cd90b3b6', 'width': 300}, {'height': 64, 'url': 'https://i.scdn.co/image/ab67616d0000485190fd9741e1838115cd90b3b6', 'width': 64}]",evermore (deluxe version),2021-01-07,day,17,album,spotify:album:6AORtDjduMM3bupSWzbTSG
album,album,"[{'external_urls': {'spotify': 'https://open.spotify.com/artist/06HL4z0CvFAxyc27GXpf02'}, 'href': 'https://api.spotify.com/v1/artists/06HL4z0CvFAxyc27GXpf02', 'id': '06HL4z0CvFAxyc27GXpf02', 'name': 'Taylor Swift', 'type': 'artist', 'uri': 'spotify:artist:06HL4z0CvFAxyc27GXpf02'}]","['AR', 'AU', 'AT', 'BE', 'BO', 'BR', 'BG', 'CA', 'CL', 'CO', 'CR', 'CY', 'CZ', 'DK', 'DO', 'DE', 'EC', 'EE', 'SV', 'FI', 'FR', 'GR', 'GT', 'HN', 'HK', 'HU', 'IS', 'IE', 'IT', 'LV', 'LT', 'LU', 'MY', 'MT', 'MX', 'NL', 'NZ', 'NI', 'NO', 'PA', 'PY', 'PE', 'PH', 'PL', 'PT', 'SG', 'SK', 'ES', 'SE', 'CH', 'TW', 'TR', 'UY', 'US', 'GB', 'AD', 'LI', 'MC', 'ID', 'TH', 'VN', 'RO', 'IL', 'ZA', 'SA', 'AE', 'BH', 'QA', 'OM', 'KW', 'EG', 'MA', 'DZ', 'TN', 'LB', 'JO', 'PS', 'IN', 'BY', 'KZ', 'MD', 'UA', 'AL', 'BA', 'HR', 'ME', 'MK', 'RS', 'SI', 'KR', 'BD', 'PK', 'LK', 'GH', 'KE', 'NG', 'TZ', 'UG', 'AG', 'AM', 'BS', 'BB', 'BZ', 'BT', 'BW', 'BF', 'CV', 'CW', 'DM', 'FJ', 'GM', 'GE', 'GD', 'GW', 'GY', 'HT', 'JM', 'KI', 'LS', 'LR', 'MW', 'MV', 'ML', 'MH', 'FM', 'NA', 'NR', 'NE', 'PW', 'PG', 'WS', 'SM', 'ST', 'SN', 'SC', 'SL', 'SB', 'KN', 'LC', 'VC', 'SR', 'TL', 'TO', 'TT', 'TV', 'VU', 'AZ', 'BN', 'BI', 'KH', 'CM', 'TD', 'KM', 'GQ', 'SZ', 'GA', 'GN', 'KG', 'LA', 'MO', 'MR', 'MN', 'NP', 'RW', 'TG', 'UZ', 'ZW', 'BJ', 'MG', 'MU', 'MZ', 'AO', 'CI', 'DJ', 'ZM', 'CD', 'CG', 'IQ', 'LY', 'TJ', 'VE', 'ET', 'XK']",{'spotify': 'https://open.spotify.com/album/2Xoteh7uEpea4TohMxjtaq'},https://api.spotify.com/v1/albums/2Xoteh7uEpea4TohMxjtaq,2Xoteh7uEpea4TohMxjtaq,"[{'height': 640, 'url': 'https://i.scdn.co/image/ab67616d0000b27333b8541201f1ef38941024be', 'width': 640}, {'height': 300, 'url': 'https://i.scdn.co/image/ab67616d00001e0233b8541201f1ef38941024be', 'width': 300}, {'height': 64, 'url': 'https://i.scdn.co/image/ab67616d0000485133b8541201f1ef38941024be', 'width': 64}]",evermore,2020-12-11,day,15,album,spotify:album:2Xoteh7uEpea4TohMxjtaq
album,album,"[{'external_urls': {'spotify': 'https://open.spotify.com/artist/06HL4z0CvFAxyc27GXpf02'}, 'href': 'https://api.spotify.com/v1/artists/06HL4z0CvFAxyc27GXpf02', 'id': '06HL4z0CvFAxyc27GXpf02', 'name': 'Taylor Swift', 'type': 'artist', 'uri': 'spotify:artist:06HL4z0CvFAxyc27GXpf02'}]","['AR', 'AU', 'AT', 'BE', 'BO', 'BR', 'BG', 'CA', 'CL', 'CO', 'CR', 'CY', 'CZ', 'DK', 'DO', 'DE', 'EC', 'EE', 'SV', 'FI', 'FR', 'GR', 'GT', 'HN', 'HK', 'HU', 'IS', 'IE', 'IT', 'LV', 'LT', 'LU', 'MY', 'MT', 'MX', 'NL', 'NZ', 'NI', 'NO', 'PA', 'PY', 'PE', 'PH', 'PL', 'PT', 'SG', 'SK', 'ES', 'SE', 'CH', 'TW', 'TR', 'UY', 'US', 'GB', 'AD', 'LI', 'MC', 'ID', 'JP', 'TH', 'VN', 'RO', 'IL', 'ZA', 'SA', 'AE', 'BH', 'QA', 'OM', 'KW', 'EG', 'MA', 'DZ', 'TN', 'LB', 'JO', 'PS', 'IN', 'BY', 'KZ', 'MD', 'UA', 'AL', 'BA', 'HR', 'ME', 'MK', 'RS', 'SI', 'KR', 'BD', 'PK', 'LK', 'GH', 'KE', 'NG', 'TZ', 'UG', 'AG', 'AM', 'BS', 'BB', 'BZ', 'BT', 'BW', 'BF', 'CV', 'CW', 'DM', 'FJ', 'GM', 'GE', 'GD', 'GW', 'GY', 'HT', 'JM', 'KI', 'LS', 'LR', 'MW', 'MV', 'ML', 'MH', 'FM', 'NA', 'NR', 'NE', 'PW', 'PG', 'WS', 'SM', 'ST', 'SN', 'SC', 'SL', 'SB', 'KN', 'LC', 'VC', 'SR', 'TL', 'TO', 'TT', 'TV', 'VU', 'AZ', 'BN', 'BI', 'KH', 'CM', 'TD', 'KM', 'GQ', 'SZ', 'GA', 'GN', 'KG', 'LA', 'MO', 'MR', 'MN', 'NP', 'RW', 'TG', 'UZ', 'ZW', 'BJ', 'MG', 'MU', 'MZ', 'AO', 'CI', 'DJ', 'ZM', 'CD', 'CG', 'IQ', 'LY', 'TJ', 'VE', 'ET', 'XK']",{'spotify': 'https://open.spotify.com/album/0PZ7lAru5FDFHuirTkWe9Z'},https://api.spotify.com/v1/albums/0PZ7lAru5FDFHuirTkWe9Z,0PZ7lAru5FDFHuirTkWe9Z,"[{'height': 640, 'url': 'https://i.scdn.co/image/ab67616d0000b273045514e3ed4e1767a7c3ece5', 'width': 640}, {'height': 300, 'url': 'https://i.scdn.co/image/ab67616d00001e02045514e3ed4e1767a7c3ece5', 'width': 300}, {'height': 64, 'url': 'https://i.scdn.co/image/ab67616d00004851045514e3ed4e1767a7c3ece5', 'width': 64}]",folklore: the long pond studio sessions (from the Disney+ special) [deluxe edition],2020-11-25,day,34,album,spotify:album:0PZ7lAru5FDFHuirTkWe9Z
album,album,"[{'external_urls': {'spotify': 'https://open.spotify.com/artist/06HL4z0CvFAxyc27GXpf02'}, 'href': 'https://api.spotify.com/v1/artists/06HL4z0CvFAxyc27GXpf02', 'id': '06HL4z0CvFAxyc27GXpf02', 'name': 'Taylor Swift', 'type': 'artist', 'uri': 'spotify:artist:06HL4z0CvFAxyc27GXpf02'}]","['AR', 'AU', 'AT', 'BE', 'BO', 'BR', 'BG', 'CA', 'CL', 'CO', 'CR', 'CY', 'CZ', 'DK', 'DO', 'DE', 'EC', 'EE', 'SV', 'FI', 'FR', 'GR', 'GT', 'HN', 'HK', 'HU', 'IS', 'IE', 'IT', 'LV', 'LT', 'LU', 'MY', 'MT', 'MX', 'NL', 'NZ', 'NI', 'NO', 'PA', 'PY', 'PE', 'PH', 'PL', 'PT', 'SG', 'SK', 'ES', 'SE', 'CH', 'TW', 'TR', 'UY', 'US', 'GB', 'AD', 'LI', 'MC', 'ID', 'JP', 'TH', 'VN', 'RO', 'IL', 'ZA', 'SA', 'AE', 'BH', 'QA', 'OM', 'KW', 'EG', 'MA', 'DZ', 'TN', 'LB', 'JO', 'PS', 'IN', 'BY', 'KZ', 'MD', 'UA', 'AL', 'BA', 'HR', 'ME', 'MK', 'RS', 'SI', 'KR', 'BD', 'PK', 'LK', 'GH', 'KE', 'NG', 'TZ', 'UG', 'AG', 'AM', 'BS', 'BB', 'BZ', 'BT', 'BW', 'BF', 'CV', 'CW', 'DM', 'FJ', 'GM', 'GE', 'GD', 'GW', 'GY', 'HT', 'JM', 'KI', 'LS', 'LR', 'MW', 'MV', 'ML', 'MH', 'FM', 'NA', 'NR', 'NE', 'PW', 'PG', 'WS', 'SM', 'ST', 'SN', 'SC', 'SL', 'SB', 'KN', 'LC', 'VC', 'SR', 'TL', 'TO', 'TT', 'TV', 'VU', 'AZ', 'BN', 'BI', 'KH', 'CM', 'TD', 'KM', 'GQ', 'SZ', 'GA', 'GN', 'KG', 'LA', 'MO', 'MR', 'MN', 'NP', 'RW', 'TG', 'UZ', 'ZW', 'BJ', 'MG', 'MU', 'MZ', 'AO', 'CI', 'DJ', 'ZM', 'CD', 'CG', 'IQ', 'LY', 'TJ', 'VE', 'ET', 'XK']",{'spotify': 'https://open.spotify.com/album/1pzvBxYgT6OVwJLtHkrdQK'},https://api.spotify.com/v1/albums/1pzvBxYgT6OVwJLtHkrdQK,1pzvBxYgT6OVwJLtHkrdQK,"[{'height': 640, 'url': 'https://i.scdn.co/image/ab67616d0000b273c288028c2592f400dd0b9233', 'width': 640}, {'height': 300, 'url': 'https://i.scdn.co/image/ab67616d00001e02c288028c2592f400dd0b9233', 'width': 300}, {'height': 64, 'url': 'https://i.scdn.co/image/ab67616d00004851c288028c2592f400dd0b9233', 'width': 64}]",folklore (deluxe version),2020-08-18,day,17,album,spotify:album:1pzvBxYgT6OVwJLtHkrdQK
album,album,"[{'external_urls': {'spotify': 'https://open.spotify.com/artist/06HL4z0CvFAxyc27GXpf02'}, 'href': 'https://api.spotify.com/v1/artists/06HL4z0CvFAxyc27GXpf02', 'id': '06HL4z0CvFAxyc27GXpf02', 'name': 'Taylor Swift', 'type': 'artist', 'uri': 'spotify:artist:06HL4z0CvFAxyc27GXpf02'}]","['AR', 'AU', 'AT', 'BE', 'BO', 'BR', 'BG', 'CA', 'CL', 'CO', 'CR', 'CY', 'CZ', 'DK', 'DO', 'DE', 'EC', 'EE', 'SV', 'FI', 'FR', 'GR', 'GT', 'HN', 'HK', 'HU', 'IS', 'IE', 'IT', 'LV', 'LT', 'LU', 'MY', 'MT', 'MX', 'NL', 'NZ', 'NI', 'NO', 'PA', 'PY', 'PE', 'PH', 'PL', 'PT', 'SG', 'SK', 'ES', 'SE', 'CH', 'TW', 'TR', 'UY', 'US', 'GB', 'AD', 'LI', 'MC', 'ID', 'JP', 'TH', 'VN', 'RO', 'IL', 'ZA', 'SA', 'AE', 'BH', 'QA', 'OM', 'KW', 'EG', 'MA', 'DZ', 'TN', 'LB', 'JO', 'PS', 'IN', 'BY', 'KZ', 'MD', 'UA', 'AL', 'BA', 'HR', 'ME', 'MK', 'RS', 'SI', 'KR', 'BD', 'PK', 'LK', 'GH', 'KE', 'NG', 'TZ', 'UG', 'AG', 'AM', 'BS', 'BB', 'BZ', 'BT', 'BW', 'BF', 'CV', 'CW', 'DM', 'FJ', 'GM', 'GE', 'GD', 'GW', 'GY', 'HT', 'JM', 'KI', 'LS', 'LR', 'MW', 'MV', 'ML', 'MH', 'FM', 'NA', 'NR', 'NE', 'PW', 'PG', 'WS', 'SM', 'ST', 'SN', 'SC', 'SL', 'SB', 'KN', 'LC', 'VC', 'SR', 'TL', 'TO', 'TT', 'TV', 'VU', 'AZ', 'BN', 'BI', 'KH', 'CM', 'TD', 'KM', 'GQ', 'SZ', 'GA', 'GN', 'KG', 'LA', 'MO', 'MR', 'MN', 'NP', 'RW', 'TG', 'UZ', 'ZW', 'BJ', 'MG', 'MU', 'MZ', 'AO', 'CI', 'DJ', 'ZM', 'CD', 'CG', 'IQ', 'LY', 'TJ', 'VE', 'ET', 'XK']",{'spotify': 'https://open.spotify.com/album/2fenSS68JI1h4Fo296JfGr'},https://api.spotify.com/v1/albums/2fenSS68JI1h4Fo296JfGr,2fenSS68JI1h4Fo296JfGr,"[{'height': 640, 'url': 'https://i.scdn.co/image/ab67616d0000b27395f754318336a07e85ec59bc', 'width': 640}, {'height': 300, 'url': 'https://i.scdn.co/image/ab67616d00001e0295f754318336a07e85ec59bc', 'width': 300}, {'height': 64, 'url': 'https://i.scdn.co/image/ab67616d0000485195f754318336a07e85ec59bc', 'width': 64}]",folklore,2020-07-24,day,16,album,spotify:album:2fenSS68JI1h4Fo296JfGr
album,album,"[{'external_urls': {'spotify': 'https://open.spotify.com/artist/06HL4z0CvFAxyc27GXpf02'}, 'href': 'https://api.spotify.com/v1/artists/06HL4z0CvFAxyc27GXpf02', 'id': '06HL4z0CvFAxyc27GXpf02', 'name': 'Taylor Swift', 'type': 'artist', 'uri': 'spotify:artist:06HL4z0CvFAxyc27GXpf02'}]","['AR', 'AU', 'AT', 'BE', 'BO', 'BR', 'BG', 'CA', 'CL', 'CO', 'CR', 'CY', 'CZ', 'DK', 'DO', 'DE', 'EC', 'EE', 'SV', 'FI', 'FR', 'GR', 'GT', 'HN', 'HK', 'HU', 'IS', 'IE', 'IT', 'LV', 'LT', 'LU', 'MY', 'MT', 'MX', 'NL', 'NZ', 'NI', 'NO', 'PA', 'PY', 'PE', 'PH', 'PL', 'PT', 'SG', 'SK', 'ES', 'SE', 'CH', 'TW', 'TR', 'UY', 'US', 'GB', 'AD', 'LI', 'MC', 'ID', 'JP', 'TH', 'VN', 'RO', 'IL', 'ZA', 'SA', 'AE', 'BH', 'QA', 'OM', 'KW', 'EG', 'MA', 'DZ', 'TN', 'LB', 'JO', 'PS', 'IN', 'BY', 'KZ', 'MD', 'UA', 'AL', 'BA', 'HR', 'ME', 'MK', 'RS', 'SI', 'KR', 'BD', 'PK', 'LK', 'GH', 'KE', 'NG', 'TZ', 'UG', 'AG', 'AM', 'BS', 'BB', 'BZ', 'BT', 'BW', 'BF', 'CV', 'CW', 'DM', 'FJ', 'GM', 'GE', 'GD', 'GW', 'GY', 'HT', 'JM', 'KI', 'LS', 'LR', 'MW', 'MV', 'ML', 'MH', 'FM', 'NA', 'NR', 'NE', 'PW', 'PG', 'WS', 'SM', 'ST', 'SN', 'SC', 'SL', 'SB', 'KN', 'LC', 'VC', 'SR', 'TL', 'TO', 'TT', 'TV', 'VU', 'AZ', 'BN', 'BI', 'KH', 'CM', 'TD', 'KM', 'GQ', 'SZ', 'GA', 'GN', 'KG', 'LA', 'MO', 'MR', 'MN', 'NP', 'RW', 'TG', 'UZ', 'ZW', 'BJ', 'MG', 'MU', 'MZ', 'AO', 'CI', 'DJ', 'ZM', 'CD', 'CG', 'IQ', 'LY', 'TJ', 'VE', 'ET', 'XK']",{'spotify': 'https://open.spotify.com/album/1NAmidJlEaVgA3MpcPFYGq'},https://api.spotify.com/v1/albums/1NAmidJlEaVgA3MpcPFYGq,1NAmidJlEaVgA3MpcPFYGq,"[{'height': 640, 'url': 'https://i.scdn.co/image/ab67616d0000b273e787cffec20aa2a396a61647', 'width': 640}, {'height': 300, 'url': 'https://i.scdn.co/image/ab67616d00001e02e787cffec20aa2a396a61647', 'width': 300}, {'height': 64, 'url': 'https://i.scdn.co/image/ab67616d00004851e787cffec20aa2a396a61647', 'width': 64}]",Lover,2019-08-23,day,18,album,spotify:album:1NAmidJlEaVgA3MpcPFYGq
album,album,"[{'external_urls': {'spotify': 'https://open.spotify.com/artist/06HL4z0CvFAxyc27GXpf02'}, 'href': 'https://api.spotify.com/v1/artists/06HL4z0CvFAxyc27GXpf02', 'id': '06HL4z0CvFAxyc27GXpf02', 'name': 'Taylor Swift', 'type': 'artist', 'uri': 'spotify:artist:06HL4z0CvFAxyc27GXpf02'}]","['AR', 'AU', 'AT', 'BE', 'BO', 'BR', 'BG', 'CA', 'CL', 'CO', 'CR', 'CY', 'CZ', 'DK', 'DO', 'DE', 'EC', 'EE', 'SV', 'FI', 'FR', 'GR', 'GT', 'HN', 'HK', 'HU', 'IS', 'IE', 'IT', 'LV', 'LT', 'LU', 'MY', 'MT', 'MX', 'NL', 'NZ', 'NI', 'NO', 'PA', 'PY', 'PE', 'PH', 'PL', 'PT', 'SG', 'SK', 'ES', 'SE', 'CH', 'TW', 'TR', 'UY', 'US', 'GB', 'AD', 'LI', 'MC', 'ID', 'JP', 'TH', 'VN', 'RO', 'IL', 'ZA', 'SA', 'AE', 'BH', 'QA', 'OM', 'KW', 'EG', 'MA', 'DZ', 'TN', 'LB', 'JO', 'PS', 'IN', 'BY', 'KZ', 'MD', 'UA', 'AL', 'BA', 'HR', 'ME', 'MK', 'RS', 'SI', 'KR', 'BD', 'PK', 'LK', 'GH', 'KE', 'NG', 'TZ', 'UG', 'AG', 'AM', 'BS', 'BB', 'BZ', 'BT', 'BW', 'BF', 'CV', 'CW', 'DM', 'FJ', 'GM', 'GE', 'GD', 'GW', 'GY', 'HT', 'JM', 'KI', 'LS', 'LR', 'MW', 'MV', 'ML', 'MH', 'FM', 'NA', 'NR', 'NE', 'PW', 'PG', 'WS', 'SM', 'ST', 'SN', 'SC', 'SL', 'SB', 'KN', 'LC', 'VC', 'SR', 'TL', 'TO', 'TT', 'TV', 'VU', 'AZ', 'BN', 'BI', 'KH', 'CM', 'TD', 'KM', 'GQ', 'SZ', 'GA', 'GN', 'KG', 'LA', 'MO', 'MR', 'MN', 'NP', 'RW', 'TG', 'UZ', 'ZW', 'BJ', 'MG', 'MU', 'MZ', 'AO', 'CI', 'DJ', 'ZM', 'CD', 'CG', 'IQ', 'LY', 'TJ', 'VE', 'ET', 'XK']",{'spotify': 'https://open.spotify.com/album/6DEjYFkNZh67HP7R9PSZvv'},https://api.spotify.com/v1/albums/6DEjYFkNZh67HP7R9PSZvv,6DEjYFkNZh67HP7R9PSZvv,"[{'height': 640, 'url': 'https://i.scdn.co/image/ab67616d0000b273da5d5aeeabacacc1263c0f4b', 'width': 640}, {'height': 300, 'url': 'https://i.scdn.co/image/ab67616d00001e02da5d5aeeabacacc1263c0f4b', 'width': 300}, {'height': 64, 'url': 'https://i.scdn.co/image/ab67616d00004851da5d5aeeabacacc1263c0f4b', 'width': 64}]",reputation,2017-11-10,day,15,album,spotify:album:6DEjYFkNZh67HP7R9PSZvv
album,album,"[{'external_urls': {'spotify': 'https://open.spotify.com/artist/06HL4z0CvFAxyc27GXpf02'}, 'href': 'https://api.spotify.com/v1/artists/06HL4z0CvFAxyc27GXpf02', 'id': '06HL4z0CvFAxyc27GXpf02', 'name': 'Taylor Swift', 'type': 'artist', 'uri': 'spotify:artist:06HL4z0CvFAxyc27GXpf02'}]","['AR', 'AU', 'AT', 'BE', 'BO', 'BR', 'BG', 'CA', 'CL', 'CO', 'CR', 'CY', 'CZ', 'DK', 'DO', 'DE', 'EC', 'EE', 'SV', 'FI', 'FR', 'GR', 'GT', 'HN', 'HK', 'HU', 'IS', 'IE', 'IT', 'LV', 'LT', 'LU', 'MY', 'MT', 'MX', 'NL', 'NZ', 'NI', 'NO', 'PA', 'PY', 'PE', 'PH', 'PL', 'PT', 'SG', 'SK', 'ES', 'SE', 'CH', 'TW', 'TR', 'UY', 'US', 'GB', 'AD', 'LI', 'MC', 'ID', 'JP', 'TH', 'VN', 'RO', 'IL', 'ZA', 'SA', 'AE', 'BH', 'QA', 'OM', 'KW', 'EG', 'MA', 'DZ', 'TN', 'LB', 'JO', 'PS', 'IN', 'BY', 'KZ', 'MD', 'UA', 'AL', 'BA', 'HR', 'ME', 'MK', 'RS', 'SI', 'KR', 'BD', 'PK', 'LK', 'GH', 'KE', 'NG', 'TZ', 'UG', 'AG', 'AM', 'BS', 'BB', 'BZ', 'BT', 'BW', 'BF', 'CV', 'CW', 'DM', 'FJ', 'GM', 'GE', 'GD', 'GW', 'GY', 'HT', 'JM', 'KI', 'LS', 'LR', 'MW', 'MV', 'ML', 'MH', 'FM', 'NA', 'NR', 'NE', 'PW', 'PG', 'WS', 'SM', 'ST', 'SN', 'SC', 'SL', 'SB', 'KN', 'LC', 'VC', 'SR', 'TL', 'TO', 'TT', 'TV', 'VU', 'AZ', 'BN', 'BI', 'KH', 'CM', 'TD', 'KM', 'GQ', 'SZ', 'GA', 'GN', 'KG', 'LA', 'MO', 'MR', 'MN', 'NP', 'RW', 'TG', 'UZ', 'ZW', 'BJ', 'MG', 'MU', 'MZ', 'AO', 'CI', 'DJ', 'ZM', 'CD', 'CG', 'IQ', 'LY', 'TJ', 'VE', 'ET', 'XK']",{'spotify': 'https://open.spotify.com/album/1MPAXuTVL2Ej5x0JHiSPq8'},https://api.spotify.com/v1/albums/1MPAXuTVL2Ej5x0JHiSPq8,1MPAXuTVL2Ej5x0JHiSPq8,"[{'height': 640, 'url': 'https://i.scdn.co/image/ab67616d0000b27363d77f99117b28af9f656918', 'width': 640}, {'height': 300, 'url': 'https://i.scdn.co/image/ab67616d00001e0263d77f99117b28af9f656918', 'width': 300}, {'height': 64, 'url': 'https://i.scdn.co/image/ab67616d0000485163d77f99117b28af9f656918', 'width': 64}]",reputation Stadium Tour Surprise Song Playlist,2017-11-09,day,46,album,spotify:album:1MPAXuTVL2Ej5x0JHiSPq8
album,album,"[{'external_urls': {'spotify': 'https://open.spotify.com/artist/06HL4z0CvFAxyc27GXpf02'}, 'href': 'https://api.spotify.com/v1/artists/06HL4z0CvFAxyc27GXpf02', 'id': '06HL4z0CvFAxyc27GXpf02', 'name': 'Taylor Swift', 'type': 'artist', 'uri': 'spotify:artist:06HL4z0CvFAxyc27GXpf02'}]","['AR', 'AU', 'AT', 'BE', 'BO', 'BR', 'BG', 'CL', 'CO', 'CR', 'CY', 'CZ', 'DK', 'DO', 'DE', 'EC', 'EE', 'SV', 'FI', 'FR', 'GR', 'GT', 'HN', 'HK', 'HU', 'IS', 'IE', 'IT', 'LV', 'LT', 'LU', 'MY', 'MT', 'MX', 'NL', 'NZ', 'NI', 'NO', 'PA', 'PY', 'PE', 'PH', 'PL', 'PT', 'SG', 'SK', 'ES', 'SE', 'CH', 'TW', 'TR', 'UY', 'GB', 'AD', 'LI', 'MC', 'ID', 'TH', 'VN', 'RO', 'IL', 'ZA', 'SA', 'AE', 'BH', 'QA', 'OM', 'KW', 'EG', 'MA', 'DZ', 'TN', 'LB', 'JO', 'PS', 'IN', 'BY', 'KZ', 'MD', 'UA', 'AL', 'BA', 'HR', 'ME', 'MK', 'RS', 'SI', 'KR', 'BD', 'PK', 'LK', 'GH', 'KE', 'NG', 'TZ', 'UG', 'AG', 'AM', 'BS', 'BB', 'BZ', 'BT', 'BW', 'BF', 'CV', 'CW', 'DM', 'FJ', 'GM', 'GD', 'GW', 'GY', 'HT', 'JM', 'KI', 'LS', 'LR', 'MW', 'MV', 'ML', 'MH', 'FM', 'NA', 'NR', 'NE', 'PW', 'PG', 'WS', 'ST', 'SN', 'SC', 'SL', 'SB', 'KN', 'LC', 'VC', 'SR', 'TL', 'TO', 'TT', 'TV', 'AZ', 'BN', 'BI', 'KH', 'CM', 'TD', 'KM', 'GQ', 'SZ', 'GA', 'GN', 'KG', 'LA', 'MO', 'MR', 'MN', 'NP', 'RW', 'TG', 'UZ', 'ZW', 'BJ', 'MG', 'MU', 'MZ', 'AO', 'CI', 'DJ', 'ZM', 'CD', 'CG', 'IQ', 'LY', 'TJ', 'VE', 'XK']",{'spotify': 'https://open.spotify.com/album/1yGbNOtRIgdIiGHOEBaZWf'},https://api.spotify.com/v1/albums/1yGbNOtRIgdIiGHOEBaZWf,1yGbNOtRIgdIiGHOEBaZWf,"[{'height': 640, 'url': 'https://i.scdn.co/image/ab67616d0000b27352b2a3824413eefe9e33817a', 'width': 640}, {'height': 300, 'url': 'https://i.scdn.co/image/ab67616d00001e0252b2a3824413eefe9e33817a', 'width': 300}, {'height': 64, 'url': 'https://i.scdn.co/image/ab67616d0000485152b2a3824413eefe9e33817a', 'width': 64}]",1989 (Deluxe),2014-01-01,day,19,album,spotify:album:1yGbNOtRIgdIiGHOEBaZWf
album,album,"[{'external_urls': {'spotify': 'https://open.spotify.com/artist/06HL4z0CvFAxyc27GXpf02'}, 'href': 'https://api.spotify.com/v1/artists/06HL4z0CvFAxyc27GXpf02', 'id': '06HL4z0CvFAxyc27GXpf02', 'name': 'Taylor Swift', 'type': 'artist', 'uri': 'spotify:artist:06HL4z0CvFAxyc27GXpf02'}]","['AR', 'AU', 'AT', 'BE', 'BO', 'BR', 'BG', 'CL', 'CO', 'CR', 'CY', 'CZ', 'DK', 'DO', 'DE', 'EC', 'EE', 'SV', 'FI', 'FR', 'GR', 'GT', 'HN', 'HK', 'HU', 'IS', 'IE', 'IT', 'LV', 'LT', 'LU', 'MY', 'MT', 'MX', 'NL', 'NZ', 'NI', 'NO', 'PA', 'PY', 'PE', 'PH', 'PL', 'PT', 'SG', 'SK', 'ES', 'SE', 'CH', 'TW', 'TR', 'UY', 'GB', 'AD', 'LI', 'MC', 'ID', 'TH', 'VN', 'RO', 'IL', 'ZA', 'SA', 'AE', 'BH', 'QA', 'OM', 'KW', 'EG', 'MA', 'DZ', 'TN', 'LB', 'JO', 'PS', 'IN', 'BY', 'KZ', 'MD', 'UA', 'AL', 'BA', 'HR', 'ME', 'MK', 'RS', 'SI', 'KR', 'BD', 'PK', 'LK', 'GH', 'KE', 'NG', 'TZ', 'UG', 'AG', 'AM', 'BS', 'BB', 'BZ', 'BT', 'BW', 'BF', 'CV', 'CW', 'DM', 'FJ', 'GM', 'GD', 'GW', 'GY', 'HT', 'JM', 'KI', 'LS', 'LR', 'MW', 'MV', 'ML', 'MH', 'FM', 'NA', 'NR', 'NE', 'PW', 'PG', 'WS', 'ST', 'SN', 'SC', 'SL', 'SB', 'KN', 'LC', 'VC', 'SR', 'TL', 'TO', 'TT', 'TV', 'AZ', 'BN', 'BI', 'KH', 'CM', 'TD', 'KM', 'GQ', 'SZ', 'GA', 'GN', 'KG', 'LA', 'MO', 'MR', 'MN', 'NP', 'RW', 'TG', 'UZ', 'ZW', 'BJ', 'MG', 'MU', 'MZ', 'AO', 'CI', 'DJ', 'ZM', 'CD', 'CG', 'IQ', 'LY', 'TJ', 'VE', 'XK']",{'spotify': 'https://open.spotify.com/album/5fy0X0JmZRZnVa2UEicIOl'},https://api.spotify.com/v1/albums/5fy0X0JmZRZnVa2UEicIOl,5fy0X0JmZRZnVa2UEicIOl,"[{'height': 640, 'url': 'https://i.scdn.co/image/ab67616d0000b273b7e976d2b35c767f9012cb72', 'width': 640}, {'height': 300, 'url': 'https://i.scdn.co/image/ab67616d00001e02b7e976d2b35c767f9012cb72', 'width': 300}, {'height': 64, 'url': 'https://i.scdn.co/image/ab67616d00004851b7e976d2b35c767f9012cb72', 'width': 64}]",1989,2014-01-01,day,13,album,spotify:album:5fy0X0JmZRZnVa2UEicIOl
album,album,"[{'external_urls': {'spotify': 'https://open.spotify.com/artist/06HL4z0CvFAxyc27GXpf02'}, 'href': 'https://api.spotify.com/v1/artists/06HL4z0CvFAxyc27GXpf02', 'id': '06HL4z0CvFAxyc27GXpf02', 'name': 'Taylor Swift', 'type': 'artist', 'uri': 'spotify:artist:06HL4z0CvFAxyc27GXpf02'}]","['AR', 'AU', 'AT', 'BE', 'BO', 'BR', 'BG', 'CL', 'CO', 'CR', 'CY', 'CZ', 'DK', 'DO', 'DE', 'EC', 'EE', 'SV', 'FI', 'FR', 'GR', 'GT', 'HN', 'HK', 'HU', 'IS', 'IE', 'IT', 'LV', 'LT', 'LU', 'MY', 'MT', 'MX', 'NL', 'NZ', 'NI', 'NO', 'PA', 'PY', 'PE', 'PH', 'PL', 'PT', 'SG', 'SK', 'ES', 'SE', 'CH', 'TW', 'TR', 'UY', 'GB', 'AD', 'LI', 'MC', 'ID', 'JP', 'TH', 'VN', 'RO', 'IL', 'ZA', 'SA', 'AE', 'BH', 'QA', 'OM', 'KW', 'EG', 'MA', 'DZ', 'TN', 'LB', 'JO', 'PS', 'IN', 'BY', 'KZ', 'MD', 'UA', 'AL', 'BA', 'HR', 'ME', 'MK', 'RS', 'SI', 'KR', 'BD', 'PK', 'LK', 'GH', 'KE', 'NG', 'TZ', 'UG', 'AG', 'AM', 'BS', 'BB', 'BZ', 'BT', 'BW', 'BF', 'CV', 'CW', 'DM', 'FJ', 'GM', 'GE', 'GD', 'GW', 'GY', 'HT', 'JM', 'KI', 'LS', 'LR', 'MW', 'MV', 'ML', 'MH', 'FM', 'NA', 'NR', 'NE', 'PW', 'PG', 'WS', 'SM', 'ST', 'SN', 'SC', 'SL', 'SB', 'KN', 'LC', 'VC', 'SR', 'TL', 'TO', 'TT', 'TV', 'VU', 'AZ', 'BN', 'BI', 'KH', 'CM', 'TD', 'KM', 'GQ', 'SZ', 'GA', 'GN', 'KG', 'LA', 'MO', 'MR', 'MN', 'NP', 'RW', 'TG', 'UZ', 'ZW', 'BJ', 'MG', 'MU', 'MZ', 'AO', 'CI', 'DJ', 'ZM', 'CD', 'CG', 'IQ', 'LY', 'TJ', 'VE', 'ET', 'XK']",{'spotify': 'https://open.spotify.com/album/1KVKqWeRuXsJDLTW0VuD29'},https://api.spotify.com/v1/albums/1KVKqWeRuXsJDLTW0VuD29,1KVKqWeRuXsJDLTW0VuD29,"[{'height': 640, 'url': 'https://i.scdn.co/image/ab67616d0000b273254c8a09649551438b20f4c0', 'width': 640}, {'height': 300, 'url': 'https://i.scdn.co/image/ab67616d00001e02254c8a09649551438b20f4c0', 'width': 300}, {'height': 64, 'url': 'https://i.scdn.co/image/ab67616d00004851254c8a09649551438b20f4c0', 'width': 64}]",Red (Deluxe Edition),2012-10-22,day,22,album,spotify:album:1KVKqWeRuXsJDLTW0VuD29
album,album,"[{'external_urls': {'spotify': 'https://open.spotify.com/artist/06HL4z0CvFAxyc27GXpf02'}, 'href': 'https://api.spotify.com/v1/artists/06HL4z0CvFAxyc27GXpf02', 'id': '06HL4z0CvFAxyc27GXpf02', 'name': 'Taylor Swift', 'type': 'artist', 'uri': 'spotify:artist:06HL4z0CvFAxyc27GXpf02'}]","['AR', 'AU', 'AT', 'BE', 'BO', 'BR', 'BG', 'CA', 'CL', 'CO', 'CR', 'CY', 'CZ', 'DK', 'DO', 'DE', 'EC', 'EE', 'SV', 'FI', 'FR', 'GR', 'GT', 'HN', 'HK', 'HU', 'IS', 'IE', 'IT', 'LV', 'LT', 'LU', 'MY', 'MT', 'MX', 'NL', 'NZ', 'NI', 'NO', 'PA', 'PY', 'PE', 'PH', 'PL', 'PT', 'SG', 'SK', 'ES', 'SE', 'CH', 'TW', 'TR', 'UY', 'US', 'GB', 'AD', 'LI', 'MC', 'ID', 'JP', 'TH', 'VN', 'RO', 'IL', 'ZA', 'SA', 'AE', 'BH', 'QA', 'OM', 'KW', 'EG', 'MA', 'DZ', 'TN', 'LB', 'JO', 'PS', 'IN', 'BY', 'KZ', 'MD', 'UA', 'AL', 'BA', 'HR', 'ME', 'MK', 'RS', 'SI', 'KR', 'BD', 'PK', 'LK', 'GH', 'KE', 'NG', 'TZ', 'UG', 'AG', 'AM', 'BS', 'BB', 'BZ', 'BT', 'BW', 'BF', 'CV', 'CW', 'DM', 'FJ', 'GM', 'GE', 'GD', 'GW', 'GY', 'HT', 'JM', 'KI', 'LS', 'LR', 'MW', 'MV', 'ML', 'MH', 'FM', 'NA', 'NR', 'NE', 'PW', 'PG', 'WS', 'SM', 'ST', 'SN', 'SC', 'SL', 'SB', 'KN', 'LC', 'VC', 'SR', 'TL', 'TO', 'TT', 'TV', 'VU', 'AZ', 'BN', 'BI', 'KH', 'CM', 'TD', 'KM', 'GQ', 'SZ', 'GA', 'GN', 'KG', 'LA', 'MO', 'MR', 'MN', 'NP', 'RW', 'TG', 'UZ', 'ZW', 'BJ', 'MG', 'MU', 'MZ', 'AO', 'CI', 'DJ', 'ZM', 'CD', 'CG', 'IQ', 'LY', 'TJ', 'VE', 'ET', 'XK']",{'spotify': 'https://open.spotify.com/album/6fyR4wBPwLHKcRtxgd4sGh'},https://api.spotify.com/v1/albums/6fyR4wBPwLHKcRtxgd4sGh,6fyR4wBPwLHKcRtxgd4sGh,"[{'height': 640, 'url': 'https://i.scdn.co/image/ab67616d0000b273be4ec62353ee75fa11f6d6f7', 'width': 640}, {'height': 300, 'url': 'https://i.scdn.co/image/ab67616d00001e02be4ec62353ee75fa11f6d6f7', 'width': 300}, {'height': 64, 'url': 'https://i.scdn.co/image/ab67616d00004851be4ec62353ee75fa11f6d6f7', 'width': 64}]",Speak Now World Tour Live,2010-10-25,day,16,album,spotify:album:6fyR4wBPwLHKcRtxgd4sGh
album,album,"[{'external_urls': {'spotify': 'https://open.spotify.com/artist/06HL4z0CvFAxyc27GXpf02'}, 'href': 'https://api.spotify.com/v1/artists/06HL4z0CvFAxyc27GXpf02', 'id': '06HL4z0CvFAxyc27GXpf02', 'name': 'Taylor Swift', 'type': 'artist', 'uri': 'spotify:artist:06HL4z0CvFAxyc27GXpf02'}]","['AU', 'NZ']",{'spotify': 'https://open.spotify.com/album/6GPyXXND6hIZpd9bRhCsFv'},https://api.spotify.com/v1/albums/6GPyXXND6hIZpd9bRhCsFv,6GPyXXND6hIZpd9bRhCsFv,"[{'height': 640, 'url': 'https://i.scdn.co/image/ab67616d0000b2731c808a027e1dad01ff05e51c', 'width': 640}, {'height': 300, 'url': 'https://i.scdn.co/image/ab67616d00001e021c808a027e1dad01ff05e51c', 'width': 300}, {'height': 64, 'url': 'https://i.scdn.co/image/ab67616d000048511c808a027e1dad01ff05e51c', 'width': 64}]",Speak Now (US Version),2010-01-01,day,14,album,spotify:album:6GPyXXND6hIZpd9bRhCsFv
album,album,"[{'external_urls': {'spotify': 'https://open.spotify.com/artist/06HL4z0CvFAxyc27GXpf02'}, 'href': 'https://api.spotify.com/v1/artists/06HL4z0CvFAxyc27GXpf02', 'id': '06HL4z0CvFAxyc27GXpf02', 'name': 'Taylor Swift', 'type': 'artist', 'uri': 'spotify:artist:06HL4z0CvFAxyc27GXpf02'}]","['AR', 'AU', 'AT', 'BE', 'BO', 'BR', 'BG', 'CL', 'CO', 'CR', 'CY', 'CZ', 'DK', 'DO', 'DE', 'EC', 'EE', 'SV', 'FI', 'FR', 'GR', 'GT', 'HN', 'HK', 'HU', 'IS', 'IE', 'IT', 'LV', 'LT', 'LU', 'MY', 'MT', 'MX', 'NL', 'NZ', 'NI', 'NO', 'PA', 'PY', 'PE', 'PH', 'PL', 'PT', 'SG', 'SK', 'ES', 'SE', 'CH', 'TW', 'TR', 'UY', 'GB', 'AD', 'LI', 'MC', 'ID', 'JP', 'TH', 'VN', 'RO', 'IL', 'ZA', 'SA', 'AE', 'BH', 'QA', 'OM', 'KW', 'EG', 'MA', 'DZ', 'TN', 'LB', 'JO', 'PS', 'IN', 'BY', 'KZ', 'MD', 'UA', 'AL', 'BA', 'HR', 'ME', 'MK', 'RS', 'SI', 'KR', 'BD', 'PK', 'LK', 'GH', 'KE', 'NG', 'TZ', 'UG', 'AG', 'AM', 'BS', 'BB', 'BZ', 'BT', 'BW', 'BF', 'CV', 'CW', 'DM', 'FJ', 'GM', 'GE', 'GD', 'GW', 'GY', 'HT', 'JM', 'KI', 'LS', 'LR', 'MW', 'MV', 'ML', 'MH', 'FM', 'NA', 'NR', 'NE', 'PW', 'PG', 'WS', 'SM', 'ST', 'SN', 'SC', 'SL', 'SB', 'KN', 'LC', 'VC', 'SR', 'TL', 'TO', 'TT', 'TV', 'VU', 'AZ', 'BN', 'BI', 'KH', 'CM', 'TD', 'KM', 'GQ', 'SZ', 'GA', 'GN', 'KG', 'LA', 'MO', 'MR', 'MN', 'NP', 'RW', 'TG', 'UZ', 'ZW', 'BJ', 'MG', 'MU', 'MZ', 'AO', 'CI', 'DJ', 'ZM', 'CD', 'CG', 'IQ', 'LY', 'TJ', 'VE', 'ET', 'XK']",{'spotify': 'https://open.spotify.com/album/6S6JQWzUrJVcJLK4fi74Fw'},https://api.spotify.com/v1/albums/6S6JQWzUrJVcJLK4fi74Fw,6S6JQWzUrJVcJLK4fi74Fw,"[{'height': 640, 'url': 'https://i.scdn.co/image/ab67616d0000b273e1bc852a04501952c765d5cd', 'width': 640}, {'height': 300, 'url': 'https://i.scdn.co/image/ab67616d00001e02e1bc852a04501952c765d5cd', 'width': 300}, {'height': 64, 'url': 'https://i.scdn.co/image/ab67616d00004851e1bc852a04501952c765d5cd', 'width': 64}]",Speak Now (Deluxe Package),2010-01-01,day,22,album,spotify:album:6S6JQWzUrJVcJLK4fi74Fw
album,album,"[{'external_urls': {'spotify': 'https://open.spotify.com/artist/06HL4z0CvFAxyc27GXpf02'}, 'href': 'https://api.spotify.com/v1/artists/06HL4z0CvFAxyc27GXpf02', 'id': '06HL4z0CvFAxyc27GXpf02', 'name': 'Taylor Swift', 'type': 'artist', 'uri': 'spotify:artist:06HL4z0CvFAxyc27GXpf02'}]","['AR', 'AU', 'AT', 'BE', 'BO', 'BR', 'BG', 'CL', 'CO', 'CR', 'CY', 'CZ', 'DK', 'DO', 'DE', 'EC', 'EE', 'SV', 'FI', 'FR', 'GR', 'GT', 'HN', 'HK', 'HU', 'IS', 'IE', 'IT', 'LV', 'LT', 'LU', 'MY', 'MT', 'MX', 'NL', 'NZ', 'NI', 'NO', 'PA', 'PY', 'PE', 'PH', 'PL', 'PT', 'SG', 'SK', 'ES', 'SE', 'CH', 'TW', 'TR', 'UY', 'GB', 'AD', 'LI', 'MC', 'ID', 'JP', 'TH', 'VN', 'RO', 'IL', 'ZA', 'SA', 'AE', 'BH', 'QA', 'OM', 'KW', 'EG', 'MA', 'DZ', 'TN', 'LB', 'JO', 'PS', 'IN', 'BY', 'KZ', 'MD', 'UA', 'AL', 'BA', 'HR', 'ME', 'MK', 'RS', 'SI', 'KR', 'BD', 'PK', 'LK', 'GH', 'KE', 'NG', 'TZ', 'UG', 'AG', 'AM', 'BS', 'BB', 'BZ', 'BT', 'BW', 'BF', 'CV', 'CW', 'DM', 'FJ', 'GM', 'GE', 'GD', 'GW', 'GY', 'HT', 'JM', 'KI', 'LS', 'LR', 'MW', 'MV', 'ML', 'MH', 'FM', 'NA', 'NR', 'NE', 'PW', 'PG', 'WS', 'SM', 'ST', 'SN', 'SC', 'SL', 'SB', 'KN', 'LC', 'VC', 'SR', 'TL', 'TO', 'TT', 'TV', 'VU', 'AZ', 'BN', 'BI', 'KH', 'CM', 'TD', 'KM', 'GQ', 'SZ', 'GA', 'GN', 'KG', 'LA', 'MO', 'MR', 'MN', 'NP', 'RW', 'TG', 'UZ', 'ZW', 'BJ', 'MG', 'MU', 'MZ', 'AO', 'CI', 'DJ', 'ZM', 'CD', 'CG', 'IQ', 'LY', 'TJ', 'VE', 'ET', 'XK']",{'spotify': 'https://open.spotify.com/album/2gP2LMVcIFgVczSJqn340t'},https://api.spotify.com/v1/albums/2gP2LMVcIFgVczSJqn340t,2gP2LMVcIFgVczSJqn340t,"[{'height': 640, 'url': 'https://i.scdn.co/image/ab67616d0000b27373b565ab9d713e8d5586aac2', 'width': 640}, {'height': 300, 'url': 'https://i.scdn.co/image/ab67616d00001e0273b565ab9d713e8d5586aac2', 'width': 300}, {'height': 64, 'url': 'https://i.scdn.co/image/ab67616d0000485173b565ab9d713e8d5586aac2', 'width': 64}]",Fearless (Platinum Edition),2008-11-11,day,19,album,spotify:album:2gP2LMVcIFgVczSJqn340t
album,album,"[{'external_urls': {'spotify': 'https://open.spotify.com/artist/06HL4z0CvFAxyc27GXpf02'}, 'href': 'https://api.spotify.com/v1/artists/06HL4z0CvFAxyc27GXpf02', 'id': '06HL4z0CvFAxyc27GXpf02', 'name': 'Taylor Swift', 'type': 'artist', 'uri': 'spotify:artist:06HL4z0CvFAxyc27GXpf02'}]","['AR', 'AU', 'AT', 'BE', 'BO', 'BR', 'BG', 'CA', 'CL', 'CO', 'CR', 'CY', 'CZ', 'DK', 'DO', 'DE', 'EC', 'EE', 'SV', 'FI', 'FR', 'GR', 'GT', 'HN', 'HK', 'HU', 'IS', 'IE', 'IT', 'LV', 'LT', 'LU', 'MY', 'MT', 'MX', 'NL', 'NZ', 'NI', 'NO', 'PA', 'PY', 'PE', 'PH', 'PL', 'PT', 'SG', 'SK', 'ES', 'SE', 'CH', 'TW', 'TR', 'UY', 'US', 'GB', 'AD', 'LI', 'MC', 'ID', 'JP', 'TH', 'VN', 'RO', 'IL', 'ZA', 'SA', 'AE', 'BH', 'QA', 'OM', 'KW', 'EG', 'MA', 'DZ', 'TN', 'LB', 'JO', 'PS', 'IN', 'BY', 'KZ', 'MD', 'UA', 'AL', 'BA', 'HR', 'ME', 'MK', 'RS', 'SI', 'KR', 'BD', 'PK', 'LK', 'GH', 'KE', 'NG', 'TZ', 'UG', 'AG', 'AM', 'BS', 'BB', 'BZ', 'BT', 'BW', 'BF', 'CV', 'CW', 'DM', 'FJ', 'GM', 'GE', 'GD', 'GW', 'GY', 'HT', 'JM', 'KI', 'LS', 'LR', 'MW', 'MV', 'ML', 'MH', 'FM', 'NA', 'NR', 'NE', 'PW', 'PG', 'WS', 'SM', 'ST', 'SN', 'SC', 'SL', 'SB', 'KN', 'LC', 'VC', 'SR', 'TL', 'TO', 'TT', 'TV', 'VU', 'AZ', 'BN', 'BI', 'KH', 'CM', 'TD', 'KM', 'GQ', 'SZ', 'GA', 'GN', 'KG', 'LA', 'MO', 'MR', 'MN', 'NP', 'RW', 'TG', 'UZ', 'ZW', 'BJ', 'MG', 'MU', 'MZ', 'AO', 'CI', 'DJ', 'ZM', 'CD', 'CG', 'IQ', 'LY', 'TJ', 'VE', 'ET', 'XK']",{'spotify': 'https://open.spotify.com/album/3EzFY9Rg0PpbADMth746zi'},https://api.spotify.com/v1/albums/3EzFY9Rg0PpbADMth746zi,3EzFY9Rg0PpbADMth746zi,"[{'height': 640, 'url': 'https://i.scdn.co/image/ab67616d0000b27360cb9332e8c8c7d8e50854b3', 'width': 640}, {'height': 300, 'url': 'https://i.scdn.co/image/ab67616d00001e0260cb9332e8c8c7d8e50854b3', 'width': 300}, {'height': 64, 'url': 'https://i.scdn.co/image/ab67616d0000485160cb9332e8c8c7d8e50854b3', 'width': 64}]",Fearless (Big Machine Radio Release Special),2008-11-11,day,26,album,spotify:album:3EzFY9Rg0PpbADMth746zi
album,album,"[{'external_urls': {'spotify': 'https://open.spotify.com/artist/06HL4z0CvFAxyc27GXpf02'}, 'href': 'https://api.spotify.com/v1/artists/06HL4z0CvFAxyc27GXpf02', 'id': '06HL4z0CvFAxyc27GXpf02', 'name': 'Taylor Swift', 'type': 'artist', 'uri': 'spotify:artist:06HL4z0CvFAxyc27GXpf02'}]","['AR', 'AU', 'AT', 'BE', 'BO', 'BR', 'BG', 'CA', 'CL', 'CO', 'CR', 'CY', 'CZ', 'DK', 'DO', 'DE', 'EC', 'EE', 'SV', 'FI', 'FR', 'GR', 'GT', 'HN', 'HK', 'HU', 'IS', 'IE', 'IT', 'LV', 'LT', 'LU', 'MY', 'MT', 'MX', 'NL', 'NZ', 'NI', 'NO', 'PA', 'PY', 'PE', 'PH', 'PL', 'PT', 'SG', 'SK', 'ES', 'SE', 'CH', 'TW', 'TR', 'UY', 'US', 'GB', 'AD', 'LI', 'MC', 'ID', 'JP', 'TH', 'VN', 'RO', 'IL', 'ZA', 'SA', 'AE', 'BH', 'QA', 'OM', 'KW', 'EG', 'MA', 'DZ', 'TN', 'LB', 'JO', 'PS', 'IN', 'BY', 'KZ', 'MD', 'UA', 'AL', 'BA', 'HR', 'ME', 'MK', 'RS', 'SI', 'KR', 'BD', 'PK', 'LK', 'GH', 'KE', 'NG', 'TZ', 'UG', 'AG', 'AM', 'BS', 'BB', 'BZ', 'BT', 'BW', 'BF', 'CV', 'CW', 'DM', 'FJ', 'GM', 'GE', 'GD', 'GW', 'GY', 'HT', 'JM', 'KI', 'LS', 'LR', 'MW', 'MV', 'ML', 'MH', 'FM', 'NA', 'NR', 'NE', 'PW', 'PG', 'WS', 'SM', 'ST', 'SN', 'SC', 'SL', 'SB', 'KN', 'LC', 'VC', 'SR', 'TL', 'TO', 'TT', 'TV', 'VU', 'AZ', 'BN', 'BI', 'KH', 'CM', 'TD', 'KM', 'GQ', 'SZ', 'GA', 'GN', 'KG', 'LA', 'MO', 'MR', 'MN', 'NP', 'RW', 'TG', 'UZ', 'ZW', 'BJ', 'MG', 'MU', 'MZ', 'AO', 'CI', 'DJ', 'ZM', 'CD', 'CG', 'IQ', 'LY', 'TJ', 'VE', 'ET', 'XK']",{'spotify': 'https://open.spotify.com/album/1ycoesYxIFymXWebfmz828'},https://api.spotify.com/v1/albums/1ycoesYxIFymXWebfmz828,1ycoesYxIFymXWebfmz828,"[{'height': 640, 'url': 'https://i.scdn.co/image/ab67616d0000b273c031e8322b3e8684536ed6d0', 'width': 640}, {'height': 300, 'url': 'https://i.scdn.co/image/ab67616d00001e02c031e8322b3e8684536ed6d0', 'width': 300}, {'height': 64, 'url': 'https://i.scdn.co/image/ab67616d00004851c031e8322b3e8684536ed6d0', 'width': 64}]",Live From Clear Channel Stripped 2008,2008-06-28,day,8,album,spotify:album:1ycoesYxIFymXWebfmz828
album,album,"[{'external_urls': {'spotify': 'https://open.spotify.com/artist/06HL4z0CvFAxyc27GXpf02'}, 'href': 'https://api.spotify.com/v1/artists/06HL4z0CvFAxyc27GXpf02', 'id': '06HL4z0CvFAxyc27GXpf02', 'name': 'Taylor Swift', 'type': 'artist', 'uri': 'spotify:artist:06HL4z0CvFAxyc27GXpf02'}]","['AR', 'AU', 'AT', 'BE', 'BO', 'BR', 'BG', 'CL', 'CO', 'CR', 'CY', 'CZ', 'DK', 'DO', 'DE', 'EC', 'EE', 'SV', 'FI', 'FR', 'GR', 'GT', 'HN', 'HK', 'HU', 'IS', 'IE', 'IT', 'LV', 'LT', 'LU', 'MY', 'MT', 'MX', 'NL', 'NZ', 'NI', 'NO', 'PA', 'PY', 'PE', 'PH', 'PL', 'PT', 'SG', 'SK', 'ES', 'SE', 'CH', 'TW', 'TR', 'UY', 'GB', 'ID', 'JP', 'RO', 'IL', 'ZA', 'SA', 'AE', 'BH', 'QA', 'OM', 'KW', 'EG', 'MA', 'DZ', 'TN', 'LB', 'JO', 'PS', 'IN', 'BY', 'KZ', 'MD', 'UA', 'AL', 'BA', 'HR', 'ME', 'MK', 'RS', 'SI', 'KR', 'BD', 'PK', 'LK', 'GH', 'KE', 'NG', 'TZ', 'UG', 'AG', 'AM', 'BS', 'BB', 'BZ', 'BT', 'BW', 'BF', 'CV', 'CW', 'DM', 'FJ', 'GM', 'GD', 'GW', 'GY', 'HT', 'JM', 'KI', 'LR', 'MW', 'ML', 'MH', 'FM', 'NA', 'NR', 'NE', 'PW', 'PG', 'WS', 'ST', 'SN', 'SC', 'SL', 'SB', 'KN', 'LC', 'VC', 'SR', 'TL', 'TO', 'TT', 'TV', 'AZ', 'BN', 'BI', 'CM', 'TD', 'KM', 'GQ', 'SZ', 'GN', 'KG', 'MO', 'MR', 'MN', 'NP', 'RW', 'UZ', 'ZW', 'BJ', 'MG', 'MU', 'MZ', 'AO', 'ZM', 'CD', 'CG', 'TJ', 'VE', 'XK']",{'spotify': 'https://open.spotify.com/album/5eyZZoQEFQWRHkV2xgAeBw'},https://api.spotify.com/v1/albums/5eyZZoQEFQWRHkV2xgAeBw,5eyZZoQEFQWRHkV2xgAeBw,"[{'height': 640, 'url': 'https://i.scdn.co/image/ab67616d0000b273c909d4e47de2ab0636f46d64', 'width': 640}, {'height': 300, 'url': 'https://i.scdn.co/image/ab67616d00001e02c909d4e47de2ab0636f46d64', 'width': 300}, {'height': 64, 'url': 'https://i.scdn.co/image/ab67616d00004851c909d4e47de2ab0636f46d64', 'width': 64}]",Taylor Swift,2006-10-24,day,15,album,spotify:album:5eyZZoQEFQWRHkV2xgAeBw
